dna,22Rv1.CTCF.chm13v2.0	575.86	2229788.0
line,22Rv1.CTCF.chm13v2.0	1523.32	2426196.0
low-complexity,22Rv1.CTCF.chm13v2.0	273.06	2140932.0
ltr,22Rv1.CTCF.chm13v2.0	768.35	2260576.0
other,22Rv1.CTCF.chm13v2.0	159.56	2123752.0
rna,22Rv1.CTCF.chm13v2.0	158.78	2120660.0
satellite,22Rv1.CTCF.chm13v2.0	204.14	2130564.0
simple,22Rv1.CTCF.chm13v2.0	641.03	2271796.0
sine,22Rv1.CTCF.chm13v2.0	1626.27	2474468.0
unknown,22Rv1.CTCF.chm13v2.0	150.41	2119260.0
dna,22Rv1.H3K27ac.chm13v2.0	595.37	2231336.0
line,22Rv1.H3K27ac.chm13v2.0	1434.75	2425460.0
low-complexity,22Rv1.H3K27ac.chm13v2.0	227.19	2139644.0
ltr,22Rv1.H3K27ac.chm13v2.0	772.95	2258904.0
other,22Rv1.H3K27ac.chm13v2.0	158.07	2117580.0
rna,22Rv1.H3K27ac.chm13v2.0	166.5	2118948.0
satellite,22Rv1.H3K27ac.chm13v2.0	199.94	2127080.0
simple,22Rv1.H3K27ac.chm13v2.0	637.8	2269928.0
sine,22Rv1.H3K27ac.chm13v2.0	1670.76	2472128.0
unknown,22Rv1.H3K27ac.chm13v2.0	157.97	2117392.0
dna,BE2C.H3K27me3.chm13v2.0	581.45	2231988.0
line,BE2C.H3K27me3.chm13v2.0	1455.63	2425960.0
low-complexity,BE2C.H3K27me3.chm13v2.0	222.36	2140004.0
ltr,BE2C.H3K27me3.chm13v2.0	770.8	2259116.0
other,BE2C.H3K27me3.chm13v2.0	152.89	2118200.0
rna,BE2C.H3K27me3.chm13v2.0	155.55	2119032.0
satellite,BE2C.H3K27me3.chm13v2.0	200.73	2127724.0
simple,BE2C.H3K27me3.chm13v2.0	638.46	2270584.0
sine,BE2C.H3K27me3.chm13v2.0	1670.17	2473688.0
unknown,BE2C.H3K27me3.chm13v2.0	152.98	2118424.0
dna,BE2C.H3K36me3.chm13v2.0	595.45	2231864.0
line,BE2C.H3K36me3.chm13v2.0	1459.8	2425844.0
low-complexity,BE2C.H3K36me3.chm13v2.0	225.55	2139788.0
ltr,BE2C.H3K36me3.chm13v2.0	777.32	2258852.0
other,BE2C.H3K36me3.chm13v2.0	155.69	2118508.0
rna,BE2C.H3K36me3.chm13v2.0	164.9	2118952.0
satellite,BE2C.H3K36me3.chm13v2.0	202.98	2127284.0
simple,BE2C.H3K36me3.chm13v2.0	631.55	2270628.0
sine,BE2C.H3K36me3.chm13v2.0	1621.74	2471856.0
unknown,BE2C.H3K36me3.chm13v2.0	158.53	2118344.0
dna,BE2C.H3K4me1.chm13v2.0	579.22	2236184.0
line,BE2C.H3K4me1.chm13v2.0	1538.02	2440648.0
low-complexity,BE2C.H3K4me1.chm13v2.0	230.41	2145456.0
ltr,BE2C.H3K4me1.chm13v2.0	762.52	2263304.0
other,BE2C.H3K4me1.chm13v2.0	156.8	2122548.0
rna,BE2C.H3K4me1.chm13v2.0	158.95	2123896.0
satellite,BE2C.H3K4me1.chm13v2.0	204.73	2132064.0
simple,BE2C.H3K4me1.chm13v2.0	645.74	2274780.0
sine,BE2C.H3K4me1.chm13v2.0	1627.91	2477904.0
unknown,BE2C.H3K4me1.chm13v2.0	156.02	2124776.0
dna,BE2C.H3K9me3.chm13v2.0	579.94	2223536.0
line,BE2C.H3K9me3.chm13v2.0	1452.9	2420496.0
low-complexity,BE2C.H3K9me3.chm13v2.0	217.82	2134868.0
ltr,BE2C.H3K9me3.chm13v2.0	762.54	2253892.0
other,BE2C.H3K9me3.chm13v2.0	154.39	2114024.0
rna,BE2C.H3K9me3.chm13v2.0	154.46	2115688.0
satellite,BE2C.H3K9me3.chm13v2.0	208.74	2121420.0
simple,BE2C.H3K9me3.chm13v2.0	643.22	2265128.0
sine,BE2C.H3K9me3.chm13v2.0	1575.33	2467388.0
unknown,BE2C.H3K9me3.chm13v2.0	160.94	2114104.0
dna,C4-2B.CTCF.chm13v2.0	586.99	2232880.0
line,C4-2B.CTCF.chm13v2.0	1470.48	2415060.0
low-complexity,C4-2B.CTCF.chm13v2.0	222.43	2141504.0
ltr,C4-2B.CTCF.chm13v2.0	774.5	2261236.0
other,C4-2B.CTCF.chm13v2.0	158.79	2123812.0
rna,C4-2B.CTCF.chm13v2.0	159.91	2124600.0
satellite,C4-2B.CTCF.chm13v2.0	200.14	2131116.0
simple,C4-2B.CTCF.chm13v2.0	622.65	2272312.0
sine,C4-2B.CTCF.chm13v2.0	1632.71	2474836.0
unknown,C4-2B.CTCF.chm13v2.0	152.57	2120472.0
dna,C4-2B.H3K27ac.chm13v2.0	583.36	2228992.0
line,C4-2B.H3K27ac.chm13v2.0	1495.11	2426128.0
low-complexity,C4-2B.H3K27ac.chm13v2.0	226.14	2140716.0
ltr,C4-2B.H3K27ac.chm13v2.0	781.5	2260016.0
other,C4-2B.H3K27ac.chm13v2.0	166.35	2122096.0
rna,C4-2B.H3K27ac.chm13v2.0	156.53	2122160.0
satellite,C4-2B.H3K27ac.chm13v2.0	204.34	2129092.0
simple,C4-2B.H3K27ac.chm13v2.0	649.43	2271104.0
sine,C4-2B.H3K27ac.chm13v2.0	1640.27	2470644.0
unknown,C4-2B.H3K27ac.chm13v2.0	154.49	2119272.0
dna,Caco-2.H3K4me1.chm13v2.0	582.49	2237528.0
line,Caco-2.H3K4me1.chm13v2.0	1468.83	2445328.0
low-complexity,Caco-2.H3K4me1.chm13v2.0	238.52	2157904.0
ltr,Caco-2.H3K4me1.chm13v2.0	770.76	2267452.0
other,Caco-2.H3K4me1.chm13v2.0	165.45	2132436.0
rna,Caco-2.H3K4me1.chm13v2.0	159.58	2131284.0
satellite,Caco-2.H3K4me1.chm13v2.0	196.71	2139384.0
simple,Caco-2.H3K4me1.chm13v2.0	637.36	2278804.0
sine,Caco-2.H3K4me1.chm13v2.0	1649.87	2470632.0
unknown,Caco-2.H3K4me1.chm13v2.0	170.14	2129384.0
dna,Caco-2.H3K9me3.chm13v2.0	586.63	2232820.0
line,Caco-2.H3K9me3.chm13v2.0	1516.21	2427348.0
low-complexity,Caco-2.H3K9me3.chm13v2.0	221.52	2140976.0
ltr,Caco-2.H3K9me3.chm13v2.0	763.43	2260684.0
other,Caco-2.H3K9me3.chm13v2.0	154.0	2123808.0
rna,Caco-2.H3K9me3.chm13v2.0	175.49	2120588.0
satellite,Caco-2.H3K9me3.chm13v2.0	193.58	2130748.0
simple,Caco-2.H3K9me3.chm13v2.0	628.45	2271584.0
sine,Caco-2.H3K9me3.chm13v2.0	1635.16	2473852.0
unknown,Caco-2.H3K9me3.chm13v2.0	152.81	2119468.0
dna,HAP-1.H3K27ac.chm13v2.0	587.09	2227668.0
line,HAP-1.H3K27ac.chm13v2.0	1561.75	2424636.0
low-complexity,HAP-1.H3K27ac.chm13v2.0	212.91	2135164.0
ltr,HAP-1.H3K27ac.chm13v2.0	773.61	2258812.0
other,HAP-1.H3K27ac.chm13v2.0	152.49	2120196.0
rna,HAP-1.H3K27ac.chm13v2.0	152.94	2120348.0
satellite,HAP-1.H3K27ac.chm13v2.0	198.43	2126176.0
simple,HAP-1.H3K27ac.chm13v2.0	635.34	2269920.0
sine,HAP-1.H3K27ac.chm13v2.0	1635.5	2471604.0
unknown,HAP-1.H3K27ac.chm13v2.0	157.62	2116592.0
dna,HAP-1.H3K27me3.chm13v2.0	589.02	2232428.0
line,HAP-1.H3K27me3.chm13v2.0	1465.07	2440472.0
low-complexity,HAP-1.H3K27me3.chm13v2.0	215.5	2144828.0
ltr,HAP-1.H3K27me3.chm13v2.0	768.25	2262876.0
other,HAP-1.H3K27me3.chm13v2.0	164.39	2125204.0
rna,HAP-1.H3K27me3.chm13v2.0	154.42	2123420.0
satellite,HAP-1.H3K27me3.chm13v2.0	203.44	2131160.0
simple,HAP-1.H3K27me3.chm13v2.0	634.06	2274624.0
sine,HAP-1.H3K27me3.chm13v2.0	1627.07	2476504.0
unknown,HAP-1.H3K27me3.chm13v2.0	165.12	2122704.0
dna,HAP-1.H3K36me3.chm13v2.0	577.79	2229332.0
line,HAP-1.H3K36me3.chm13v2.0	1455.07	2426448.0
low-complexity,HAP-1.H3K36me3.chm13v2.0	217.71	2140952.0
ltr,HAP-1.H3K36me3.chm13v2.0	767.93	2260212.0
other,HAP-1.H3K36me3.chm13v2.0	155.73	2122228.0
rna,HAP-1.H3K36me3.chm13v2.0	155.89	2123652.0
satellite,HAP-1.H3K36me3.chm13v2.0	201.44	2129492.0
simple,HAP-1.H3K36me3.chm13v2.0	632.36	2271532.0
sine,HAP-1.H3K36me3.chm13v2.0	1633.29	2470876.0
unknown,HAP-1.H3K36me3.chm13v2.0	163.07	2119488.0
dna,HAP-1.H3K4me1.chm13v2.0	579.05	2237796.0
line,HAP-1.H3K4me1.chm13v2.0	1469.95	2445304.0
low-complexity,HAP-1.H3K4me1.chm13v2.0	213.39	2157640.0
ltr,HAP-1.H3K4me1.chm13v2.0	777.58	2279572.0
other,HAP-1.H3K4me1.chm13v2.0	166.6	2138740.0
rna,HAP-1.H3K4me1.chm13v2.0	164.14	2133116.0
satellite,HAP-1.H3K4me1.chm13v2.0	202.98	2138744.0
simple,HAP-1.H3K4me1.chm13v2.0	634.5	2291660.0
sine,HAP-1.H3K4me1.chm13v2.0	1618.12	2471984.0
unknown,HAP-1.H3K4me1.chm13v2.0	157.15	2131244.0
dna,HAP-1.H3K4me3.chm13v2.0	595.19	2227644.0
line,HAP-1.H3K4me3.chm13v2.0	1457.46	2421308.0
low-complexity,HAP-1.H3K4me3.chm13v2.0	227.25	2134860.0
ltr,HAP-1.H3K4me3.chm13v2.0	770.08	2255012.0
other,HAP-1.H3K4me3.chm13v2.0	156.49	2106696.0
rna,HAP-1.H3K4me3.chm13v2.0	157.62	2113648.0
satellite,HAP-1.H3K4me3.chm13v2.0	199.19	2123808.0
simple,HAP-1.H3K4me3.chm13v2.0	624.82	2266388.0
sine,HAP-1.H3K4me3.chm13v2.0	1640.14	2468732.0
unknown,HAP-1.H3K4me3.chm13v2.0	162.12	2113528.0
dna,HAP-1.H3K9me3.chm13v2.0	577.74	2225408.0
line,HAP-1.H3K9me3.chm13v2.0	1453.27	2421780.0
low-complexity,HAP-1.H3K9me3.chm13v2.0	224.99	2135388.0
ltr,HAP-1.H3K9me3.chm13v2.0	781.61	2255688.0
other,HAP-1.H3K9me3.chm13v2.0	152.14	2106808.0
rna,HAP-1.H3K9me3.chm13v2.0	160.92	2113672.0
satellite,HAP-1.H3K9me3.chm13v2.0	207.41	2121980.0
simple,HAP-1.H3K9me3.chm13v2.0	618.77	2267172.0
sine,HAP-1.H3K9me3.chm13v2.0	1656.53	2466520.0
unknown,HAP-1.H3K9me3.chm13v2.0	162.01	2113200.0
dna,HL-60.H3K27ac.chm13v2.0	599.16	2228344.0
line,HL-60.H3K27ac.chm13v2.0	1559.16	2424696.0
low-complexity,HL-60.H3K27ac.chm13v2.0	217.22	2138316.0
ltr,HL-60.H3K27ac.chm13v2.0	764.71	2258876.0
other,HL-60.H3K27ac.chm13v2.0	155.83	2120048.0
rna,HL-60.H3K27ac.chm13v2.0	158.61	2120948.0
satellite,HL-60.H3K27ac.chm13v2.0	197.43	2126796.0
simple,HL-60.H3K27ac.chm13v2.0	644.11	2270088.0
sine,HL-60.H3K27ac.chm13v2.0	1659.01	2468724.0
unknown,HL-60.H3K27ac.chm13v2.0	153.19	2117688.0
dna,MG63.H3K27me3.chm13v2.0	576.38	2229548.0
line,MG63.H3K27me3.chm13v2.0	1468.0	2425780.0
low-complexity,MG63.H3K27me3.chm13v2.0	218.06	2140708.0
ltr,MG63.H3K27me3.chm13v2.0	770.6	2260084.0
other,MG63.H3K27me3.chm13v2.0	160.63	2122820.0
rna,MG63.H3K27me3.chm13v2.0	156.12	2123496.0
satellite,MG63.H3K27me3.chm13v2.0	218.7	2129208.0
simple,MG63.H3K27me3.chm13v2.0	637.13	2271156.0
sine,MG63.H3K27me3.chm13v2.0	1640.63	2470936.0
unknown,MG63.H3K27me3.chm13v2.0	159.13	2119560.0
dna,MG63.H3K36me3.chm13v2.0	581.3	2231152.0
line,MG63.H3K36me3.chm13v2.0	1467.09	2438960.0
low-complexity,MG63.H3K36me3.chm13v2.0	216.62	2142656.0
ltr,MG63.H3K36me3.chm13v2.0	768.07	2261180.0
other,MG63.H3K36me3.chm13v2.0	154.21	2120884.0
rna,MG63.H3K36me3.chm13v2.0	159.25	2121736.0
satellite,MG63.H3K36me3.chm13v2.0	196.84	2129936.0
simple,MG63.H3K36me3.chm13v2.0	630.18	2272728.0
sine,MG63.H3K36me3.chm13v2.0	1564.65	2475496.0
unknown,MG63.H3K36me3.chm13v2.0	156.12	2121060.0
dna,MG63.H3K4me3.chm13v2.0	596.4	2225928.0
line,MG63.H3K4me3.chm13v2.0	1465.5	2422348.0
low-complexity,MG63.H3K4me3.chm13v2.0	224.39	2136080.0
ltr,MG63.H3K4me3.chm13v2.0	768.32	2256300.0
other,MG63.H3K4me3.chm13v2.0	154.24	2107172.0
rna,MG63.H3K4me3.chm13v2.0	156.57	2114344.0
satellite,MG63.H3K4me3.chm13v2.0	198.47	2122604.0
simple,MG63.H3K4me3.chm13v2.0	639.74	2267732.0
sine,MG63.H3K4me3.chm13v2.0	1622.78	2469988.0
unknown,MG63.H3K4me3.chm13v2.0	154.78	2114284.0
dna,MG63.H3K9me3.chm13v2.0	589.53	2231600.0
line,MG63.H3K9me3.chm13v2.0	1476.48	2428720.0
low-complexity,MG63.H3K9me3.chm13v2.0	225.15	2143540.0
ltr,MG63.H3K9me3.chm13v2.0	767.26	2262148.0
other,MG63.H3K9me3.chm13v2.0	149.38	2121624.0
rna,MG63.H3K9me3.chm13v2.0	157.42	2122220.0
satellite,MG63.H3K9me3.chm13v2.0	198.73	2131040.0
simple,MG63.H3K9me3.chm13v2.0	640.18	2273088.0
sine,MG63.H3K9me3.chm13v2.0	1659.36	2476156.0
unknown,MG63.H3K9me3.chm13v2.0	162.88	2122016.0
dna,RWPE1.CTCF.chm13v2.0	585.34	2227908.0
line,RWPE1.CTCF.chm13v2.0	1450.01	2424704.0
low-complexity,RWPE1.CTCF.chm13v2.0	228.96	2134724.0
ltr,RWPE1.CTCF.chm13v2.0	771.02	2258380.0
other,RWPE1.CTCF.chm13v2.0	158.4	2119904.0
rna,RWPE1.CTCF.chm13v2.0	151.05	2121404.0
satellite,RWPE1.CTCF.chm13v2.0	196.14	2126460.0
simple,RWPE1.CTCF.chm13v2.0	655.94	2269872.0
sine,RWPE1.CTCF.chm13v2.0	1643.23	2472620.0
unknown,RWPE1.CTCF.chm13v2.0	160.37	2115956.0
dna,RWPE1.H3K27ac.chm13v2.0	590.24	2236236.0
line,RWPE1.H3K27ac.chm13v2.0	1460.72	2441112.0
low-complexity,RWPE1.H3K27ac.chm13v2.0	220.54	2141844.0
ltr,RWPE1.H3K27ac.chm13v2.0	768.83	2263956.0
other,RWPE1.H3K27ac.chm13v2.0	158.83	2123440.0
rna,RWPE1.H3K27ac.chm13v2.0	157.01	2124424.0
satellite,RWPE1.H3K27ac.chm13v2.0	193.34	2135352.0
simple,RWPE1.H3K27ac.chm13v2.0	639.34	2275320.0
sine,RWPE1.H3K27ac.chm13v2.0	1666.2	2477156.0
unknown,RWPE1.H3K27ac.chm13v2.0	157.77	2125156.0
dna,RWPE2.CTCF.chm13v2.0	576.37	2230584.0
line,RWPE2.CTCF.chm13v2.0	1536.58	2438572.0
low-complexity,RWPE2.CTCF.chm13v2.0	219.17	2142588.0
ltr,RWPE2.CTCF.chm13v2.0	770.32	2260976.0
other,RWPE2.CTCF.chm13v2.0	156.11	2120764.0
rna,RWPE2.CTCF.chm13v2.0	161.16	2121464.0
satellite,RWPE2.CTCF.chm13v2.0	195.41	2129944.0
simple,RWPE2.CTCF.chm13v2.0	635.05	2272648.0
sine,RWPE2.CTCF.chm13v2.0	1658.16	2472636.0
unknown,RWPE2.CTCF.chm13v2.0	158.34	2121084.0
dna,RWPE2.H3K27ac.chm13v2.0	575.7	2229640.0
line,RWPE2.H3K27ac.chm13v2.0	1525.49	2437196.0
low-complexity,RWPE2.H3K27ac.chm13v2.0	261.93	2140920.0
ltr,RWPE2.H3K27ac.chm13v2.0	771.17	2260032.0
other,RWPE2.H3K27ac.chm13v2.0	157.02	2121704.0
rna,RWPE2.H3K27ac.chm13v2.0	157.7	2123976.0
satellite,RWPE2.H3K27ac.chm13v2.0	214.23	2129128.0
simple,RWPE2.H3K27ac.chm13v2.0	624.72	2271048.0
sine,RWPE2.H3K27ac.chm13v2.0	1649.67	2471048.0
unknown,RWPE2.H3K27ac.chm13v2.0	158.15	2119104.0
dna,RWPE2.H3K36me3.chm13v2.0	581.66	2229700.0
line,RWPE2.H3K36me3.chm13v2.0	1456.51	2426508.0
low-complexity,RWPE2.H3K36me3.chm13v2.0	218.34	2140976.0
ltr,RWPE2.H3K36me3.chm13v2.0	763.2	2260408.0
other,RWPE2.H3K36me3.chm13v2.0	157.72	2121996.0
rna,RWPE2.H3K36me3.chm13v2.0	158.73	2122816.0
satellite,RWPE2.H3K36me3.chm13v2.0	199.1	2129136.0
simple,RWPE2.H3K36me3.chm13v2.0	631.67	2271676.0
sine,RWPE2.H3K36me3.chm13v2.0	1684.64	2471228.0
unknown,RWPE2.H3K36me3.chm13v2.0	160.87	2119104.0
dna,SJCRH30.H3K27ac.chm13v2.0	584.06	2229100.0
line,SJCRH30.H3K27ac.chm13v2.0	1475.96	2425668.0
low-complexity,SJCRH30.H3K27ac.chm13v2.0	219.54	2140200.0
ltr,SJCRH30.H3K27ac.chm13v2.0	772.5	2259636.0
other,SJCRH30.H3K27ac.chm13v2.0	155.61	2121436.0
rna,SJCRH30.H3K27ac.chm13v2.0	159.38	2122528.0
satellite,SJCRH30.H3K27ac.chm13v2.0	197.29	2126936.0
simple,SJCRH30.H3K27ac.chm13v2.0	646.1	2270556.0
sine,SJCRH30.H3K27ac.chm13v2.0	1624.36	2470208.0
unknown,SJCRH30.H3K27ac.chm13v2.0	160.33	2118928.0
dna,SJCRH30.H3K27me3.chm13v2.0	599.06	2228816.0
line,SJCRH30.H3K27me3.chm13v2.0	1432.06	2426012.0
low-complexity,SJCRH30.H3K27me3.chm13v2.0	219.13	2140212.0
ltr,SJCRH30.H3K27me3.chm13v2.0	774.29	2259212.0
other,SJCRH30.H3K27me3.chm13v2.0	159.34	2118588.0
rna,SJCRH30.H3K27me3.chm13v2.0	154.38	2119212.0
satellite,SJCRH30.H3K27me3.chm13v2.0	212.08	2128016.0
simple,SJCRH30.H3K27me3.chm13v2.0	628.8	2270932.0
sine,SJCRH30.H3K27me3.chm13v2.0	1629.09	2472568.0
unknown,SJCRH30.H3K27me3.chm13v2.0	164.0	2118500.0
dna,SJCRH30.H3K36me3.chm13v2.0	592.93	2232172.0
line,SJCRH30.H3K36me3.chm13v2.0	1465.52	2428236.0
low-complexity,SJCRH30.H3K36me3.chm13v2.0	218.06	2143924.0
ltr,SJCRH30.H3K36me3.chm13v2.0	769.94	2262080.0
other,SJCRH30.H3K36me3.chm13v2.0	154.05	2122820.0
rna,SJCRH30.H3K36me3.chm13v2.0	164.7	2123328.0
satellite,SJCRH30.H3K36me3.chm13v2.0	211.4	2131216.0
simple,SJCRH30.H3K36me3.chm13v2.0	646.13	2273324.0
sine,SJCRH30.H3K36me3.chm13v2.0	1664.75	2476484.0
unknown,SJCRH30.H3K36me3.chm13v2.0	163.33	2121772.0
dna,SJCRH30.H3K4me1.chm13v2.0	572.31	2236792.0
line,SJCRH30.H3K4me1.chm13v2.0	1477.7	2445028.0
low-complexity,SJCRH30.H3K4me1.chm13v2.0	220.96	2147976.0
ltr,SJCRH30.H3K4me1.chm13v2.0	759.09	2266520.0
other,SJCRH30.H3K4me1.chm13v2.0	162.47	2130312.0
rna,SJCRH30.H3K4me1.chm13v2.0	153.72	2131036.0
satellite,SJCRH30.H3K4me1.chm13v2.0	202.61	2137640.0
simple,SJCRH30.H3K4me1.chm13v2.0	652.44	2278388.0
sine,SJCRH30.H3K4me1.chm13v2.0	1638.17	2470048.0
unknown,SJCRH30.H3K4me1.chm13v2.0	157.8	2128852.0
dna,SJCRH30.H3K4me3.chm13v2.0	633.23	2225340.0
line,SJCRH30.H3K4me3.chm13v2.0	1555.9	2423016.0
low-complexity,SJCRH30.H3K4me3.chm13v2.0	220.26	2136520.0
ltr,SJCRH30.H3K4me3.chm13v2.0	780.34	2256700.0
other,SJCRH30.H3K4me3.chm13v2.0	157.75	2114716.0
rna,SJCRH30.H3K4me3.chm13v2.0	151.66	2115128.0
satellite,SJCRH30.H3K4me3.chm13v2.0	202.61	2123812.0
simple,SJCRH30.H3K4me3.chm13v2.0	625.62	2267728.0
sine,SJCRH30.H3K4me3.chm13v2.0	1657.26	2466988.0
unknown,SJCRH30.H3K4me3.chm13v2.0	155.61	2114912.0
dna,SJCRH30.H3K9me3.chm13v2.0	585.48	2227896.0
line,SJCRH30.H3K9me3.chm13v2.0	1455.63	2424608.0
low-complexity,SJCRH30.H3K9me3.chm13v2.0	223.02	2139924.0
ltr,SJCRH30.H3K9me3.chm13v2.0	762.96	2258872.0
other,SJCRH30.H3K9me3.chm13v2.0	152.55	2119976.0
rna,SJCRH30.H3K9me3.chm13v2.0	159.63	2121500.0
satellite,SJCRH30.H3K9me3.chm13v2.0	195.36	2126628.0
simple,SJCRH30.H3K9me3.chm13v2.0	636.7	2269708.0
sine,SJCRH30.H3K9me3.chm13v2.0	1639.95	2471764.0
unknown,SJCRH30.H3K9me3.chm13v2.0	154.32	2116388.0
dna,SJSA1.H3K27ac.chm13v2.0	584.56	2230060.0
line,SJSA1.H3K27ac.chm13v2.0	1459.49	2427132.0
low-complexity,SJSA1.H3K27ac.chm13v2.0	225.95	2141684.0
ltr,SJSA1.H3K27ac.chm13v2.0	774.99	2260704.0
other,SJSA1.H3K27ac.chm13v2.0	154.19	2123628.0
rna,SJSA1.H3K27ac.chm13v2.0	154.21	2120160.0
satellite,SJSA1.H3K27ac.chm13v2.0	202.2	2131364.0
simple,SJSA1.H3K27ac.chm13v2.0	624.91	2271400.0
sine,SJSA1.H3K27ac.chm13v2.0	1633.23	2471160.0
unknown,SJSA1.H3K27ac.chm13v2.0	151.51	2120016.0
dna,SJSA1.H3K27me3.chm13v2.0	592.5	2233668.0
line,SJSA1.H3K27me3.chm13v2.0	1452.85	2427816.0
low-complexity,SJSA1.H3K27me3.chm13v2.0	221.98	2142372.0
ltr,SJSA1.H3K27me3.chm13v2.0	762.06	2260984.0
other,SJSA1.H3K27me3.chm13v2.0	154.44	2124112.0
rna,SJSA1.H3K27me3.chm13v2.0	158.48	2124344.0
satellite,SJSA1.H3K27me3.chm13v2.0	196.43	2131336.0
simple,SJSA1.H3K27me3.chm13v2.0	640.39	2272616.0
sine,SJSA1.H3K27me3.chm13v2.0	1620.6	2474872.0
unknown,SJSA1.H3K27me3.chm13v2.0	166.83	2120436.0
dna,SJSA1.H3K36me3.chm13v2.0	586.23	2233704.0
line,SJSA1.H3K36me3.chm13v2.0	1438.97	2427148.0
low-complexity,SJSA1.H3K36me3.chm13v2.0	218.16	2143556.0
ltr,SJSA1.H3K36me3.chm13v2.0	778.65	2261316.0
other,SJSA1.H3K36me3.chm13v2.0	151.51	2124452.0
rna,SJSA1.H3K36me3.chm13v2.0	175.63	2121028.0
satellite,SJSA1.H3K36me3.chm13v2.0	206.25	2130784.0
simple,SJSA1.H3K36me3.chm13v2.0	641.82	2272432.0
sine,SJSA1.H3K36me3.chm13v2.0	1650.69	2475024.0
unknown,SJSA1.H3K36me3.chm13v2.0	162.63	2120264.0
dna,SJSA1.H3K4me3.chm13v2.0	599.93	2225356.0
line,SJSA1.H3K4me3.chm13v2.0	1460.33	2410008.0
low-complexity,SJSA1.H3K4me3.chm13v2.0	221.91	2135196.0
ltr,SJSA1.H3K4me3.chm13v2.0	758.16	2256052.0
other,SJSA1.H3K4me3.chm13v2.0	162.71	2106908.0
rna,SJSA1.H3K4me3.chm13v2.0	153.12	2113696.0
satellite,SJSA1.H3K4me3.chm13v2.0	212.36	2122492.0
simple,SJSA1.H3K4me3.chm13v2.0	624.06	2267164.0
sine,SJSA1.H3K4me3.chm13v2.0	1650.34	2465560.0
unknown,SJSA1.H3K4me3.chm13v2.0	160.99	2113832.0
dna,SJSA1.H3K9me3.chm13v2.0	637.84	2232928.0
line,SJSA1.H3K9me3.chm13v2.0	1531.21	2427516.0
low-complexity,SJSA1.H3K9me3.chm13v2.0	222.43	2143600.0
ltr,SJSA1.H3K9me3.chm13v2.0	757.33	2261140.0
other,SJSA1.H3K9me3.chm13v2.0	157.14	2124324.0
rna,SJSA1.H3K9me3.chm13v2.0	162.0	2120968.0
satellite,SJSA1.H3K9me3.chm13v2.0	205.16	2130884.0
simple,SJSA1.H3K9me3.chm13v2.0	638.01	2272700.0
sine,SJSA1.H3K9me3.chm13v2.0	1643.71	2475176.0
unknown,SJSA1.H3K9me3.chm13v2.0	168.92	2120352.0
dna,VCaP.CTCF.chm13v2.0	576.26	2230148.0
line,VCaP.CTCF.chm13v2.0	1463.76	2437432.0
low-complexity,VCaP.CTCF.chm13v2.0	222.76	2141644.0
ltr,VCaP.CTCF.chm13v2.0	767.19	2260732.0
other,VCaP.CTCF.chm13v2.0	161.43	2123484.0
rna,VCaP.CTCF.chm13v2.0	159.72	2120864.0
satellite,VCaP.CTCF.chm13v2.0	201.87	2130376.0
simple,VCaP.CTCF.chm13v2.0	638.45	2271800.0
sine,VCaP.CTCF.chm13v2.0	1623.51	2471080.0
unknown,VCaP.CTCF.chm13v2.0	154.98	2119892.0
dna,VCaP.H3K27ac.chm13v2.0	575.21	2236536.0
line,VCaP.H3K27ac.chm13v2.0	1459.59	2441404.0
low-complexity,VCaP.H3K27ac.chm13v2.0	220.06	2145304.0
ltr,VCaP.H3K27ac.chm13v2.0	769.99	2263664.0
other,VCaP.H3K27ac.chm13v2.0	170.56	2123424.0
rna,VCaP.H3K27ac.chm13v2.0	177.9	2124460.0
satellite,VCaP.H3K27ac.chm13v2.0	199.66	2132788.0
simple,VCaP.H3K27ac.chm13v2.0	638.5	2274676.0
sine,VCaP.H3K27ac.chm13v2.0	1651.15	2476868.0
unknown,VCaP.H3K27ac.chm13v2.0	163.03	2124960.0
dna,brain-microvascular-endothelial-cell.H3K27ac.chm13v2.0	570.82	2229920.0
line,brain-microvascular-endothelial-cell.H3K27ac.chm13v2.0	1455.66	2426660.0
low-complexity,brain-microvascular-endothelial-cell.H3K27ac.chm13v2.0	215.94	2140836.0
ltr,brain-microvascular-endothelial-cell.H3K27ac.chm13v2.0	760.03	2260296.0
other,brain-microvascular-endothelial-cell.H3K27ac.chm13v2.0	158.11	2122292.0
rna,brain-microvascular-endothelial-cell.H3K27ac.chm13v2.0	153.92	2123744.0
satellite,brain-microvascular-endothelial-cell.H3K27ac.chm13v2.0	198.72	2129596.0
simple,brain-microvascular-endothelial-cell.H3K27ac.chm13v2.0	637.79	2271536.0
sine,brain-microvascular-endothelial-cell.H3K27ac.chm13v2.0	1616.53	2471664.0
unknown,brain-microvascular-endothelial-cell.H3K27ac.chm13v2.0	158.79	2119720.0
dna,brain-microvascular-endothelial-cell.H3K27me3.chm13v2.0	575.07	2224956.0
line,brain-microvascular-endothelial-cell.H3K27me3.chm13v2.0	1466.8	2422104.0
low-complexity,brain-microvascular-endothelial-cell.H3K27me3.chm13v2.0	212.92	2135180.0
ltr,brain-microvascular-endothelial-cell.H3K27me3.chm13v2.0	767.06	2255680.0
other,brain-microvascular-endothelial-cell.H3K27me3.chm13v2.0	154.63	2106608.0
rna,brain-microvascular-endothelial-cell.H3K27me3.chm13v2.0	163.77	2113788.0
satellite,brain-microvascular-endothelial-cell.H3K27me3.chm13v2.0	205.58	2122676.0
simple,brain-microvascular-endothelial-cell.H3K27me3.chm13v2.0	640.49	2267468.0
sine,brain-microvascular-endothelial-cell.H3K27me3.chm13v2.0	1617.52	2469936.0
unknown,brain-microvascular-endothelial-cell.H3K27me3.chm13v2.0	172.61	2113800.0
dna,brain-microvascular-endothelial-cell.H3K36me3.chm13v2.0	594.0	2229060.0
line,brain-microvascular-endothelial-cell.H3K36me3.chm13v2.0	1478.43	2426112.0
low-complexity,brain-microvascular-endothelial-cell.H3K36me3.chm13v2.0	213.67	2140352.0
ltr,brain-microvascular-endothelial-cell.H3K36me3.chm13v2.0	761.13	2259480.0
other,brain-microvascular-endothelial-cell.H3K36me3.chm13v2.0	153.72	2118472.0
rna,brain-microvascular-endothelial-cell.H3K36me3.chm13v2.0	170.75	2119372.0
satellite,brain-microvascular-endothelial-cell.H3K36me3.chm13v2.0	206.13	2128244.0
simple,brain-microvascular-endothelial-cell.H3K36me3.chm13v2.0	647.57	2270944.0
sine,brain-microvascular-endothelial-cell.H3K36me3.chm13v2.0	1645.55	2472520.0
unknown,brain-microvascular-endothelial-cell.H3K36me3.chm13v2.0	157.62	2118296.0
dna,epithelial-cell-of-prostate-male-2.CTCF.chm13v2.0	642.5	2230920.0
line,epithelial-cell-of-prostate-male-2.CTCF.chm13v2.0	1524.09	2439176.0
low-complexity,epithelial-cell-of-prostate-male-2.CTCF.chm13v2.0	215.15	2143228.0
ltr,epithelial-cell-of-prostate-male-2.CTCF.chm13v2.0	776.74	2261880.0
other,epithelial-cell-of-prostate-male-2.CTCF.chm13v2.0	157.95	2120908.0
rna,epithelial-cell-of-prostate-male-2.CTCF.chm13v2.0	158.64	2122144.0
satellite,epithelial-cell-of-prostate-male-2.CTCF.chm13v2.0	207.44	2130768.0
simple,epithelial-cell-of-prostate-male-2.CTCF.chm13v2.0	648.97	2273160.0
sine,epithelial-cell-of-prostate-male-2.CTCF.chm13v2.0	1628.13	2474152.0
unknown,epithelial-cell-of-prostate-male-2.CTCF.chm13v2.0	170.13	2121744.0
dna,epithelial-cell-of-prostate-male.CTCF.chm13v2.0	580.66	2231664.0
line,epithelial-cell-of-prostate-male.CTCF.chm13v2.0	1468.19	2439392.0
low-complexity,epithelial-cell-of-prostate-male.CTCF.chm13v2.0	227.57	2143580.0
ltr,epithelial-cell-of-prostate-male.CTCF.chm13v2.0	759.43	2261568.0
other,epithelial-cell-of-prostate-male.CTCF.chm13v2.0	166.15	2121516.0
rna,epithelial-cell-of-prostate-male.CTCF.chm13v2.0	160.42	2122556.0
satellite,epithelial-cell-of-prostate-male.CTCF.chm13v2.0	216.94	2130420.0
simple,epithelial-cell-of-prostate-male.CTCF.chm13v2.0	638.12	2273468.0
sine,epithelial-cell-of-prostate-male.CTCF.chm13v2.0	1602.48	2476272.0
unknown,epithelial-cell-of-prostate-male.CTCF.chm13v2.0	157.04	2121952.0
dna,epithelial-cell-of-prostate-male.H3K27ac.chm13v2.0	584.59	2231680.0
line,epithelial-cell-of-prostate-male.H3K27ac.chm13v2.0	1436.78	2439716.0
low-complexity,epithelial-cell-of-prostate-male.H3K27ac.chm13v2.0	221.72	2143392.0
ltr,epithelial-cell-of-prostate-male.H3K27ac.chm13v2.0	766.94	2261936.0
other,epithelial-cell-of-prostate-male.H3K27ac.chm13v2.0	155.41	2121800.0
rna,epithelial-cell-of-prostate-male.H3K27ac.chm13v2.0	178.45	2122500.0
satellite,epithelial-cell-of-prostate-male.H3K27ac.chm13v2.0	197.94	2131076.0
simple,epithelial-cell-of-prostate-male.H3K27ac.chm13v2.0	638.31	2272948.0
sine,epithelial-cell-of-prostate-male.H3K27ac.chm13v2.0	1634.51	2476424.0
unknown,epithelial-cell-of-prostate-male.H3K27ac.chm13v2.0	154.6	2121852.0
